Changes made at Sat Aug  9 05:58:18 UTC 2025
Changes made at Thu Nov 20 13:38:01 UTC 2025
Changes made at Thu Nov 20 14:17:59 UTC 2025
Changes made at Thu Nov 20 16:23:15 UTC 2025
Changes made at Fri Nov 21 08:24:50 UTC 2025
Changes made at Fri Nov 21 10:18:38 UTC 2025
Changes made at Fri Nov 21 14:17:13 UTC 2025
Changes made at Fri Nov 21 16:22:29 UTC 2025
Changes made at Sat Nov 22 08:21:04 UTC 2025
Changes made at Sat Nov 22 10:16:39 UTC 2025
Changes made at Sat Nov 22 14:14:25 UTC 2025
Changes made at Sat Nov 22 16:19:43 UTC 2025
Changes made at Sun Nov 23 08:21:11 UTC 2025
Changes made at Sun Nov 23 10:16:46 UTC 2025
Changes made at Sun Nov 23 14:14:42 UTC 2025
Changes made at Sun Nov 23 16:19:40 UTC 2025
